{
	"sky_objects": [
		"moon",
		"sun"
	],
	"render_type": "normal",
	"environment": {
		"fog_color": "c0d8ff",
		"sky_color": "78a7ff",
		"twilight_color": "b23333",
		"twilight_alpha": "1",
		"clouds": {
			"height": 128,
			"color": "ffffff"
		},
		"fog": {
			"has_thick_fog": false,
			"fog_start": "-1",
			"fog_end": "-1"
		},
		"sky_darkness": "0"
	},
	"stars": {
		"rotation": {
			"degrees_x": "#skyAngle + 90",
			"degrees_y": "0",
			"degrees_z": "0"
		},
		"brightness": "((1.0 - #dayLight) * #rainGradient)m(1)",
		"count": 1500,
		"min_size": 0.1,
		"max_size": 0.15,
		"colors": [
			"ffffff"
		]
	}
}