{
	"solid_color": "#ffffff",
	"display": {
		"scale": "0",
		"pos_x": "0",
		"pos_y": "0",
		"pos_z": "0",
		"distance": "0"
	},
	"rotation": {
		"degrees_x": "skyAngle + 90",
		"degrees_y": "0",
		"degrees_z": "0",
		"base_degrees_x": "-90",
		"base_degrees_z": "-90"
	},
	"properties": {
		"has_moon_phases": false,
		"is_solid": false,
		"blend": true,
		"alpha": "max((1 - dayLight) * (1 - rainAlpha) - 0.5, 0)",
		"color": {
			"red": "1",
			"green": "1",
			"blue": "1"
		}
	},
	"populate": {
		"count": 400,
		"rotation": {
			"min_degrees_x": 0,
			"max_degrees_x": 360,
			"min_degrees_y": 0,
			"max_degrees_y": 360,
			"min_degrees_z": 0,
			"max_degrees_z": 360
		},
		"display": {
			"min_scale": 0.3,
			"max_scale": 0.35,
			"min_pos_x": 0,
			"max_pos_x": 0,
			"min_pos_y": 0,
			"max_pos_y": 0,
			"min_pos_z": 0,
			"max_pos_z": 0,
			"min_distance": 150,
			"max_distance": 150
		}
	}
}