{
	"texture": "minecraft:textures/environment/sun.png",
	"display": {
		"scale": "30",
		"pos_x": "0",
		"pos_y": "0",
		"pos_z": "0",
		"distance": "100"
	},
	"rotation": {
		"degrees_x": "skyAngle + 90",
		"degrees_y": "0",
		"degrees_z": "0",
		"base_degrees_x": "-90",
		"base_degrees_z": "-90"
	},
	"properties": {
		"has_moon_phases": false,
		"is_solid": false,
		"blend": true,
		"alpha": "1 - rainAlpha",
		"color": {
			"red": "1",
			"blue": "1",
			"green": "1"
		}
	}
}